0;0;0;0;land;false;unknown;0
1;188;177;191;land;true;plains;1
2;174;224;122;land;false;plains;1
3;246;220;193;land;false;plains;1
4;249;217;235;land;true;plains;1
5;168;215;152;land;true;plains;1
6;216;160;142;land;false;plains;1
7;22;236;250;land;false;plains;1
8;92;236;220;land;false;plains;1
9;83;171;252;land;true;plains;1
10;197;220;222;land;false;plains;1
11;223;116;227;land;false;plains;1
12;136;170;244;land;true;plains;1
13;136;178;192;land;false;plains;1
14;226;146;133;land;false;plains;1
15;202;90;238;land;true;plains;1
16;123;250;205;land;false;plains;1
17;99;229;251;land;false;plains;1
18;243;197;78;land;false;plains;1
19;169;247;180;land;false;plains;1
20;248;34;239;land;true;plains;1
21;253;250;125;land;true;plains;1
22;195;232;248;land;true;plains;1
23;165;207;226;land;false;plains;1
24;196;205;208;land;false;plains;1
25;196;161;244;land;false;plains;1
26;218;248;124;land;true;plains;1
27;214;253;127;land;false;plains;1
28;242;183;99;land;true;plains;1
29;47;243;238;land;true;plains;1
30;210;172;179;land;false;plains;1
31;202;235;237;land;false;plains;1
32;170;151;182;land;false;plains;1
33;191;127;242;land;false;plains;1
34;216;200;149;land;true;plains;1
35;179;242;81;land;false;plains;1
36;50;220;236;land;true;plains;1
37;203;184;195;land;true;plains;1
38;216;253;173;land;true;plains;1
39;206;217;238;land;false;plains;1
40;233;121;148;land;false;plains;1
41;247;251;253;land;false;plains;1
42;185;180;159;land;true;plains;1
43;252;156;229;land;false;plains;1
44;236;70;243;land;false;plains;1
45;229;120;178;land;false;plains;1
46;223;178;183;land;false;plains;1
47;246;177;170;land;false;plains;1
48;210;246;231;land;false;plains;1
49;217;254;245;land;false;plains;1
50;234;86;241;land;true;plains;1
51;140;233;193;land;true;plains;1
52;80;195;235;land;false;plains;1
53;231;165;172;land;true;plains;1
54;224;203;99;land;false;plains;1
55;227;193;183;land;true;plains;1
56;192;175;194;land;true;plains;1
57;220;175;153;land;false;plains;1
58;141;196;229;land;true;plains;1
59;202;85;248;land;true;plains;1
60;32;240;241;land;true;plains;1
61;207;250;96;land;false;plains;1
62;164;174;164;land;false;plains;1
63;245;212;183;land;true;plains;1
64;180;248;201;land;false;plains;1
65;202;185;184;land;false;plains;1
66;123;239;210;land;false;plains;1
67;203;248;161;land;false;plains;1
68;220;194;119;land;false;plains;1
69;186;183;173;land;true;plains;1
70;233;186;160;land;true;plains;1
71;135;228;216;land;false;plains;1
72;200;139;170;land;false;plains;1
73;199;204;137;land;true;plains;1
74;179;178;169;land;false;plains;1
75;84;238;221;land;false;plains;1
76;147;225;226;land;true;plains;1
77;241;195;244;land;false;plains;1
78;142;153;209;land;false;plains;1
79;205;239;167;land;true;plains;1
80;218;204;138;land;false;plains;1
81;229;226;53;land;false;plains;1
82;134;170;228;land;false;plains;1
83;250;220;60;land;true;plains;1
84;234;149;201;land;false;plains;1
85;199;249;64;land;true;plains;1
86;163;122;247;land;false;plains;1
87;182;209;190;land;false;plains;1
88;231;118;202;land;true;plains;1
89;219;201;182;land;false;plains;1
90;142;210;254;land;true;plains;1
91;166;170;205;land;true;plains;1
92;154;191;183;land;false;plains;1
93;245;225;55;land;true;plains;1
94;243;176;253;land;true;plains;1
95;234;207;111;land;true;plains;1
96;205;154;176;land;false;plains;1
97;185;211;161;land;false;plains;1
98;253;98;186;land;false;plains;1
99;245;118;181;land;false;plains;1
100;248;61;199;land;false;plains;1
101;5;246;252;land;false;plains;1
102;243;244;128;land;false;plains;1
103;187;193;173;land;false;plains;1
104;181;236;97;land;false;plains;1
105;254;13;243;land;true;plains;1
106;139;217;166;land;false;plains;1
107;229;195;193;land;false;plains;1
108;254;223;163;land;true;plains;1
109;201;225;203;land;false;plains;1
110;196;212;102;land;false;plains;1
111;91;174;247;land;true;plains;1
112;100;218;226;land;true;plains;1
113;152;214;213;land;false;plains;1
114;126;234;151;land;false;plains;1
115;149;230;227;land;true;plains;1
116;232;140;154;land;true;plains;1
117;202;247;253;land;false;plains;1
118;237;140;132;land;true;plains;1
119;226;223;68;land;false;plains;1
120;52;242;212;land;false;plains;1
121;249;110;253;land;false;plains;1
122;213;135;228;land;false;plains;1
123;164;206;170;land;false;plains;1
124;132;164;253;land;true;plains;1
125;235;121;182;land;false;plains;1
126;195;134;224;land;false;plains;1
127;240;217;63;land;true;plains;1
128;197;190;143;land;false;plains;1
129;90;211;214;land;true;plains;1
130;228;228;221;land;false;plains;1
131;228;121;185;land;false;plains;1
132;120;233;223;land;true;plains;1
133;241;181;170;land;false;plains;1
134;228;148;167;land;false;plains;1
135;237;240;55;land;false;plains;1
136;109;245;211;land;true;plains;1
137;244;237;33;land;true;plains;1
138;248;172;246;land;false;plains;1
139;223;92;244;land;false;plains;1
140;136;163;238;land;true;plains;1
141;236;250;57;land;false;plains;1
142;241;178;229;land;false;plains;1
143;238;222;210;land;false;plains;1
144;219;182;201;land;true;plains;1
145;205;203;115;land;false;plains;1
146;201;202;111;land;false;plains;1
147;239;245;246;land;true;plains;1
148;246;247;53;land;true;plains;1
149;169;198;205;land;true;plains;1
150;249;204;87;land;false;plains;1
151;228;46;254;land;false;plains;1
152;234;160;149;land;true;plains;1
153;209;235;82;land;true;plains;1
154;182;253;142;land;false;plains;1
155;41;251;247;land;false;plains;1
156;226;133;151;land;true;plains;1
157;67;241;252;land;true;plains;1
158;163;211;211;land;false;plains;1
159;128;192;194;land;true;plains;1
160;59;212;233;land;false;plains;1
161;103;171;254;land;true;plains;1
162;243;80;204;land;false;plains;1
163;88;181;254;land;false;plains;1
164;248;188;212;land;true;plains;1
165;203;209;201;land;true;plains;1
166;230;235;203;land;true;plains;1
167;238;203;210;land;true;plains;1
168;168;250;225;land;false;plains;1
169;111;246;204;land;false;plains;1
170;194;150;180;land;false;plains;1
171;238;150;179;land;false;plains;1
172;221;118;174;land;false;plains;1
173;243;87;182;land;true;plains;1
174;221;181;246;land;true;plains;1
175;111;203;242;land;true;plains;1
176;234;250;21;land;false;plains;1
177;251;46;226;land;false;plains;1
178;107;249;253;land;true;plains;1
179;220;193;221;land;true;plains;1
180;155;171;216;land;true;plains;1
181;187;225;115;land;false;plains;1
182;164;232;246;land;false;plains;1
183;199;247;90;land;true;plains;1
184;114;249;165;land;true;plains;1
185;54;242;236;land;false;plains;1
186;194;240;195;land;true;plains;1
187;102;227;247;land;true;plains;1
188;132;235;146;land;true;plains;1
189;217;180;183;land;true;plains;1
190;140;235;169;land;false;plains;1
191;187;210;162;land;false;plains;1
192;187;205;247;land;false;plains;1
193;186;176;246;land;false;plains;1
194;114;226;210;land;true;plains;1
195;224;164;242;land;true;plains;1
196;78;214;221;land;false;plains;1
197;186;154;176;land;true;plains;1
198;185;72;254;land;true;plains;1
199;96;244;184;land;true;plains;1
200;246;65;228;land;false;plains;1
201;245;135;203;land;true;plains;1
202;240;190;146;land;true;plains;1
203;142;197;180;land;false;plains;1
204;202;239;211;land;false;plains;1
205;202;237;104;land;true;plains;1
206;219;199;145;land;true;plains;1
207;129;244;192;land;false;plains;1
208;170;246;130;land;true;plains;1
209;233;234;222;land;false;plains;1
210;226;86;195;land;false;plains;1
211;223;132;211;land;false;plains;1
212;140;189;225;land;true;plains;1
213;233;196;106;land;false;plains;1
214;250;221;143;land;true;plains;1
215;128;203;195;land;false;plains;1
216;177;158;238;land;false;plains;1
217;101;163;253;land;true;plains;1
218;103;223;223;land;false;plains;1
219;234;59;233;land;false;plains;1
220;62;222;225;land;false;plains;1
221;233;244;39;land;false;plains;1
222;241;113;237;land;true;plains;1
223;176;232;235;land;true;plains;1
224;42;249;228;land;true;plains;1
225;119;213;187;land;false;plains;1
226;113;230;163;land;true;plains;1
227;205;250;52;land;true;plains;1
228;207;144;216;land;false;plains;1
229;252;161;93;land;false;plains;1
230;211;142;207;land;true;plains;1
231;248;229;205;land;true;plains;1
232;198;246;168;land;false;plains;1
233;249;251;166;land;true;plains;1
234;221;50;251;land;false;plains;1
235;252;40;245;land;false;plains;1
236;152;239;118;land;true;plains;1
237;169;206;168;land;true;plains;1
238;102;168;233;land;true;plains;1
239;159;222;203;land;true;plains;1
240;229;213;170;land;false;plains;1
241;120;175;222;land;false;plains;1
242;187;248;250;land;true;plains;1
243;219;207;148;land;false;plains;1
244;159;198;218;land;false;plains;1
245;218;186;192;land;false;plains;1
246;106;214;238;land;false;plains;1
247;242;220;98;land;false;plains;1
248;242;210;166;land;false;plains;1
249;229;85;218;land;false;plains;1
250;203;191;116;land;false;plains;1
251;240;246;22;land;false;plains;1
252;101;212;232;land;true;plains;1
253;92;246;182;land;false;plains;1
254;151;152;200;land;false;plains;1
255;236;220;78;land;false;plains;1
256;181;224;162;land;false;plains;1
257;234;228;254;land;false;plains;1
258;215;160;147;land;true;plains;1
259;215;79;215;land;false;plains;1
260;81;239;189;land;true;plains;1
261;201;226;175;land;true;plains;1
262;190;73;242;land;true;plains;1
263;248;174;231;land;true;plains;1
264;202;192;177;land;true;plains;1
265;185;235;213;land;false;plains;1
266;110;180;211;land;false;plains;1
267;226;234;170;land;false;plains;1
268;210;174;243;land;true;plains;1
269;157;236;182;land;false;plains;1
270;117;224;210;land;true;plains;1
271;224;189;94;land;false;plains;1
272;148;175;184;land;true;plains;1
273;187;164;168;land;false;plains;1
274;209;174;191;land;true;plains;1
275;252;161;214;land;false;plains;1
276;82;234;192;land;true;plains;1
277;159;135;234;land;false;plains;1
278;114;169;239;land;true;plains;1
279;148;250;244;land;true;plains;1
280;191;242;166;land;true;plains;1
281;228;215;198;land;true;plains;1
282;131;179;192;land;false;plains;1
283;232;101;221;land;true;plains;1
284;167;223;199;land;true;plains;1
285;208;159;215;land;true;plains;1
286;89;226;229;land;false;plains;1
287;84;236;223;land;false;plains;1
288;219;134;194;land;false;plains;1
289;243;126;166;land;true;plains;1
290;247;226;239;land;true;plains;1
291;211;243;183;land;false;plains;1
292;194;127;212;land;true;plains;1
293;145;199;184;land;false;plains;1
294;189;175;201;land;false;plains;1
295;218;209;214;land;false;plains;1
296;253;173;103;land;false;plains;1
297;237;226;109;land;false;plains;1
298;237;224;203;land;true;plains;1
299;92;229;250;land;true;plains;1
300;197;133;203;land;false;plains;1
301;239;177;106;land;true;plains;1
302;171;253;100;land;true;plains;1
303;217;105;240;land;false;plains;1
304;234;118;158;land;false;plains;1
305;163;184;216;land;true;plains;1
306;187;249;254;land;true;plains;1
307;202;129;209;land;true;plains;1
308;163;207;172;land;true;plains;1
309;244;150;246;land;true;plains;1
310;207;230;66;land;true;plains;1
311;231;187;226;land;true;plains;1
312;112;198;247;land;true;plains;1
313;252;67;207;land;true;plains;1
314;172;120;241;land;true;plains;1
315;35;239;249;land;true;plains;1
316;174;254;86;land;true;plains;1
317;234;252;121;land;false;plains;1
318;233;227;71;land;true;plains;1
319;187;202;246;land;true;plains;1
320;184;83;240;land;false;plains;1
321;181;228;122;land;true;plains;1
322;180;247;235;land;true;plains;1
323;227;143;163;land;false;plains;1
324;228;67;220;land;false;plains;1
325;143;176;226;land;true;plains;1
326;216;157;175;land;true;plains;1
327;159;135;232;land;false;plains;1
328;52;217;235;land;false;plains;1
329;245;246;63;land;false;plains;1
330;253;134;181;land;true;plains;1
331;240;224;209;land;false;plains;1
332;240;239;174;land;false;plains;1
333;217;137;253;land;false;plains;1
334;120;216;211;land;false;plains;1
335;209;187;131;land;false;plains;1
336;154;209;172;land;false;plains;1
337;140;163;250;land;true;plains;1
338;212;215;151;land;false;plains;1
339;133;224;226;land;false;plains;1
340;183;174;176;land;false;plains;1
341;223;228;94;land;true;plains;1
342;247;244;189;land;false;plains;1
343;201;147;233;land;true;plains;1
344;252;217;181;land;true;plains;1
345;226;252;142;land;false;plains;1
346;204;230;115;land;true;plains;1
347;44;31;15;sea;false;ocean;0
348;15;1;74;sea;false;ocean;0
349;77;5;3;sea;false;ocean;0
350;30;38;3;sea;false;ocean;0
351;46;21;18;sea;false;ocean;0
352;30;0;25;sea;false;ocean;0
353;1;44;36;sea;false;ocean;0
354;11;2;24;sea;false;ocean;0
355;10;24;51;sea;false;ocean;0
356;22;33;19;sea;false;ocean;0
357;11;30;11;sea;false;ocean;0
358;22;10;24;sea;false;ocean;0
359;18;6;26;sea;false;ocean;0
360;6;2;51;sea;false;ocean;0
361;44;13;24;sea;false;ocean;0
362;4;77;3;sea;false;ocean;0
363;25;21;14;sea;false;ocean;0
364;14;8;50;sea;false;ocean;0
365;1;4;23;sea;false;ocean;0
366;46;0;1;sea;false;ocean;0
367;37;1;10;sea;false;ocean;0
368;62;20;6;sea;false;ocean;0
369;37;21;15;sea;false;ocean;0
370;18;1;43;sea;false;ocean;0
371;22;46;18;sea;false;ocean;0
372;35;4;26;sea;false;ocean;0
373;36;25;22;sea;false;ocean;0
374;22;66;4;sea;false;ocean;0
375;9;74;16;sea;false;ocean;0
376;15;36;18;sea;true;ocean;0
377;4;6;80;sea;false;ocean;0
378;3;68;25;sea;false;ocean;0
379;11;1;38;sea;false;ocean;0
380;35;26;5;sea;false;ocean;0
381;27;0;43;sea;false;ocean;0
382;11;82;3;sea;false;ocean;0
383;82;8;2;sea;false;ocean;0
384;5;16;71;sea;false;ocean;0
385;8;24;30;sea;false;ocean;0
386;36;23;16;sea;false;ocean;0
387;28;29;34;sea;false;ocean;0
388;16;55;14;sea;false;ocean;0
389;3;14;59;sea;false;ocean;0
390;8;11;17;sea;false;ocean;0
391;23;52;18;sea;false;ocean;0
392;8;31;43;sea;false;ocean;0
393;0;78;21;sea;false;ocean;0
394;18;18;28;sea;false;ocean;0
395;41;9;13;sea;false;ocean;0
396;13;38;29;sea;false;ocean;0
397;32;45;8;sea;false;ocean;0
398;21;67;5;sea;false;ocean;0
399;57;29;2;sea;false;ocean;0
400;3;12;64;sea;false;ocean;0
401;21;5;59;sea;false;ocean;0
402;27;63;6;sea;false;ocean;0
403;7;38;48;sea;false;ocean;0
404;4;24;68;sea;false;ocean;0
405;20;33;14;sea;false;ocean;0
406;46;18;31;sea;false;ocean;0
407;68;3;22;sea;false;ocean;0
408;2;38;4;sea;false;ocean;0
409;58;6;29;sea;false;ocean;0
410;23;14;60;sea;false;ocean;0
411;3;18;24;sea;false;ocean;0
412;26;17;15;sea;false;ocean;0
413;1;59;30;sea;false;ocean;0
414;61;16;20;sea;false;ocean;0
415;9;60;16;sea;false;ocean;0
416;2;23;35;sea;false;ocean;0
417;62;9;14;sea;false;ocean;0
418;45;3;5;sea;false;ocean;0
419;58;11;14;sea;false;ocean;0
420;15;37;7;sea;false;ocean;0
421;20;28;11;sea;false;ocean;0
422;39;1;11;sea;false;ocean;0
423;4;14;22;sea;false;ocean;0
424;11;4;80;sea;false;ocean;0
425;1;61;6;sea;false;ocean;0
426;24;14;17;sea;false;ocean;0
427;1;57;24;sea;false;ocean;0
428;45;14;0;sea;false;ocean;0
429;20;26;34;sea;false;ocean;0
430;35;2;8;sea;false;ocean;0
431;26;16;10;sea;true;ocean;0
432;26;57;3;sea;false;ocean;0
433;17;27;1;sea;false;ocean;0
434;22;14;21;sea;false;ocean;0
435;9;30;58;sea;false;ocean;0
436;2;61;3;sea;false;ocean;0
437;0;43;26;sea;false;ocean;0
438;32;30;27;sea;false;ocean;0
439;43;21;4;sea;false;ocean;0
440;17;22;31;sea;false;ocean;0
441;10;66;18;sea;false;ocean;0
442;36;16;42;sea;false;ocean;0
443;11;21;54;sea;false;ocean;0
444;8;18;30;sea;false;ocean;0
445;1;78;5;sea;true;ocean;0
446;3;49;35;sea;false;ocean;0
447;47;18;33;sea;false;ocean;0
448;2;10;35;sea;false;ocean;0
449;19;19;46;sea;false;ocean;0
450;4;0;79;sea;false;ocean;0
451;16;31;45;sea;false;ocean;0
452;40;4;46;sea;false;ocean;0
453;43;7;16;sea;false;ocean;0
454;52;31;13;sea;false;ocean;0
455;5;22;35;sea;false;ocean;0
456;9;2;29;sea;false;ocean;0
457;9;24;53;sea;false;ocean;0
458;6;26;7;sea;false;ocean;0
459;10;27;7;sea;false;ocean;0
460;45;19;35;sea;false;ocean;0
461;10;9;15;sea;false;ocean;0
462;60;12;7;sea;false;ocean;0
463;39;24;22;sea;true;ocean;0
464;8;16;26;sea;false;ocean;0
465;8;13;51;sea;false;ocean;0
466;19;7;2;sea;false;ocean;0
467;4;67;20;sea;false;ocean;0
468;4;22;37;sea;false;ocean;0
469;35;43;3;sea;false;ocean;0
470;45;2;30;sea;false;ocean;0
471;0;15;43;sea;false;ocean;0
472;10;36;37;sea;false;ocean;0
473;15;30;43;sea;false;ocean;0
474;31;19;11;sea;false;ocean;0
475;0;25;41;sea;false;ocean;0
476;24;53;3;sea;false;ocean;0
477;29;15;10;sea;false;ocean;0
478;57;27;7;sea;false;ocean;0
479;2;8;28;sea;false;ocean;0
480;5;77;7;sea;false;ocean;0
481;14;0;17;sea;false;ocean;0
482;11;9;36;sea;false;ocean;0
483;69;10;0;sea;false;ocean;0
484;24;60;4;sea;false;ocean;0
485;42;6;14;sea;false;ocean;0
486;14;32;9;sea;false;ocean;0
487;51;35;3;sea;false;ocean;0
488;16;6;54;sea;false;ocean;0
489;43;51;2;sea;false;ocean;0
490;47;34;1;sea;false;ocean;0
491;8;12;71;sea;false;ocean;0
492;78;1;17;sea;false;ocean;0
493;1;52;11;sea;false;ocean;0
494;3;72;10;sea;false;ocean;0
495;25;37;5;sea;false;ocean;0
496;25;14;45;sea;false;ocean;0
497;41;41;6;sea;false;ocean;0
498;39;9;10;sea;false;ocean;0
499;49;7;16;sea;false;ocean;0
500;67;13;15;sea;false;ocean;0
501;72;5;6;sea;false;ocean;0
502;47;1;6;sea;false;ocean;0
503;8;36;38;sea;false;ocean;0
504;24;7;39;sea;false;ocean;0
505;21;10;44;sea;false;ocean;0
506;0;5;52;sea;false;ocean;0
507;28;2;23;sea;false;ocean;0
508;6;5;28;sea;false;ocean;0
509;38;8;21;sea;false;ocean;0
510;13;60;24;sea;false;ocean;0
511;66;3;3;sea;false;ocean;0
512;27;4;31;sea;false;ocean;0
513;16;26;51;sea;false;ocean;0
514;51;8;24;sea;false;ocean;0
515;2;81;16;sea;false;ocean;0
516;29;51;3;sea;false;ocean;0
517;24;1;67;sea;false;ocean;0
518;50;18;2;sea;false;ocean;0
519;14;65;8;sea;false;ocean;0
520;7;3;27;sea;false;ocean;0
521;59;2;6;sea;false;ocean;0
522;4;35;46;sea;false;ocean;0
523;59;1;17;sea;false;ocean;0
524;9;15;48;sea;false;ocean;0
525;48;10;8;sea;false;ocean;0
526;42;40;2;sea;false;ocean;0
527;39;47;9;sea;false;ocean;0
528;20;27;47;sea;false;ocean;0
529;26;32;11;sea;false;ocean;0
530;8;71;7;sea;false;ocean;0
531;69;2;9;sea;false;ocean;0
532;0;46;27;sea;false;ocean;0
533;70;8;16;sea;false;ocean;0
534;11;21;39;sea;false;ocean;0
535;4;66;20;sea;false;ocean;0
536;7;3;7;sea;false;ocean;0
537;55;25;0;sea;false;ocean;0
538;12;3;79;sea;false;ocean;0
539;22;51;9;sea;false;ocean;0
540;37;23;36;sea;false;ocean;0
541;2;41;41;sea;false;ocean;0
542;43;33;17;sea;false;ocean;0
543;29;14;28;sea;false;ocean;0
544;65;26;5;sea;false;ocean;0
545;10;17;34;sea;false;ocean;0
546;28;46;14;sea;false;ocean;0
547;21;6;48;sea;false;ocean;0
548;35;1;59;sea;false;ocean;0
549;32;23;24;sea;false;ocean;0
550;17;36;27;sea;false;ocean;0
551;6;28;6;sea;false;ocean;0
552;37;8;28;sea;false;ocean;0
553;13;8;16;sea;false;ocean;0
554;59;9;27;sea;false;ocean;0
555;35;20;23;sea;false;ocean;0
556;40;22;0;sea;false;ocean;0
557;77;5;5;sea;false;ocean;0
558;47;7;2;sea;false;ocean;0
559;40;31;22;sea;false;ocean;0
560;4;61;18;sea;false;ocean;0
561;11;47;1;sea;false;ocean;0
562;22;1;46;sea;false;ocean;0
563;33;21;30;sea;false;ocean;0
564;31;30;0;sea;false;ocean;0
565;72;17;5;sea;false;ocean;0
566;4;56;14;sea;false;ocean;0
567;10;25;48;sea;false;ocean;0
568;0;55;27;sea;false;ocean;0
569;13;9;28;sea;true;ocean;0
570;27;7;28;sea;false;ocean;0
571;3;22;11;sea;false;ocean;0
572;12;4;59;sea;false;ocean;0
573;6;4;25;sea;false;ocean;0
574;43;21;28;sea;false;ocean;0
575;0;1;34;sea;false;ocean;0
576;5;61;29;sea;false;ocean;0
577;75;2;6;sea;false;ocean;0
578;44;18;22;sea;false;ocean;0
579;8;38;21;sea;false;ocean;0
580;24;49;15;sea;false;ocean;0
581;53;20;17;sea;false;ocean;0
582;1;26;3;sea;false;ocean;0
583;7;7;39;sea;false;ocean;0
584;37;16;38;sea;false;ocean;0
585;56;19;24;sea;false;ocean;0
586;27;19;39;sea;false;ocean;0
587;5;59;10;sea;false;ocean;0
588;10;42;31;sea;false;ocean;0
589;22;22;21;sea;true;ocean;0
590;31;6;2;sea;false;ocean;0
591;2;33;61;sea;false;ocean;0
592;23;40;35;sea;false;ocean;0
593;33;4;10;sea;false;ocean;0
594;43;31;23;sea;false;ocean;0
595;6;75;4;sea;false;ocean;0
596;8;24;38;sea;false;ocean;0
597;22;39;31;sea;false;ocean;0
598;61;36;0;sea;false;ocean;0
599;72;8;7;sea;false;ocean;0
600;7;10;50;sea;false;ocean;0
601;33;24;23;sea;false;ocean;0
602;47;26;12;sea;false;ocean;0
603;10;12;32;sea;false;ocean;0
604;41;25;30;sea;false;ocean;0
605;5;9;2;sea;false;ocean;0
606;31;8;23;sea;false;ocean;0
607;42;4;5;sea;false;ocean;0
608;5;4;27;sea;false;ocean;0
609;75;9;6;sea;false;ocean;0
610;26;39;7;sea;false;ocean;0
611;34;19;30;sea;false;ocean;0
612;11;21;30;sea;false;ocean;0
613;5;47;27;sea;false;ocean;0
614;68;6;5;sea;false;ocean;0
615;17;23;59;sea;false;ocean;0
616;8;29;57;sea;false;ocean;0
617;30;12;20;sea;false;ocean;0
618;6;24;3;sea;false;ocean;0
619;16;24;17;sea;false;ocean;0
620;20;51;24;sea;false;ocean;0
621;38;36;7;sea;false;ocean;0
622;11;33;24;sea;false;ocean;0
623;36;14;28;sea;false;ocean;0
624;8;7;20;sea;false;ocean;0
625;40;16;18;sea;false;ocean;0
626;65;2;32;sea;true;ocean;0
627;1;24;33;sea;false;ocean;0
628;32;19;44;sea;false;ocean;0
629;10;14;3;sea;false;ocean;0
630;49;9;23;sea;false;ocean;0
631;2;10;32;sea;false;ocean;0
632;10;24;20;sea;false;ocean;0
633;10;53;23;sea;false;ocean;0
634;43;12;6;sea;false;ocean;0
635;18;3;63;sea;false;ocean;0
636;23;21;36;sea;false;ocean;0
637;64;3;29;sea;false;ocean;0
638;23;5;39;sea;false;ocean;0
639;8;6;32;sea;false;ocean;0
640;13;19;25;sea;false;ocean;0
641;1;39;33;sea;false;ocean;0
642;6;11;18;sea;false;ocean;0
643;8;30;48;sea;false;ocean;0
644;40;25;7;sea;false;ocean;0
645;0;90;4;sea;false;ocean;0
646;10;68;4;sea;false;ocean;0
647;64;15;7;sea;false;ocean;0
648;5;17;14;sea;false;ocean;0
649;42;4;48;sea;false;ocean;0
650;2;17;51;sea;false;ocean;0
651;37;10;12;sea;false;ocean;0
652;21;15;48;sea;false;ocean;0
653;22;20;37;sea;false;ocean;0
654;67;30;2;sea;false;ocean;0
655;54;17;21;sea;false;ocean;0
656;24;15;8;sea;false;ocean;0
657;19;16;2;sea;false;ocean;0
658;3;72;0;sea;false;ocean;0
659;49;12;29;sea;false;ocean;0
660;45;24;28;sea;false;ocean;0
661;4;47;20;sea;false;ocean;0
662;53;22;17;sea;false;ocean;0
663;16;3;21;sea;false;ocean;0
664;52;1;15;sea;false;ocean;0
665;21;31;30;sea;false;ocean;0
666;13;21;57;sea;true;ocean;0
667;16;50;5;sea;false;ocean;0
668;27;10;62;sea;false;ocean;0
669;12;28;35;sea;false;ocean;0
670;12;75;10;sea;false;ocean;0
671;6;5;88;sea;false;ocean;0
672;0;12;16;sea;false;ocean;0
673;30;26;43;sea;false;ocean;0
674;1;0;58;sea;false;ocean;0
675;18;21;49;sea;false;ocean;0
676;29;39;2;sea;false;ocean;0
677;27;11;19;sea;false;ocean;0
678;4;27;58;sea;false;ocean;0
679;4;85;0;sea;false;ocean;0
680;29;10;22;sea;false;ocean;0
681;14;7;35;sea;false;ocean;0
682;20;47;8;sea;false;ocean;0
683;64;5;17;sea;false;ocean;0
684;21;22;41;sea;false;ocean;0
685;1;33;4;sea;false;ocean;0
686;6;28;5;sea;true;ocean;0
687;17;61;2;sea;false;ocean;0
688;19;27;1;sea;false;ocean;0
689;6;21;6;sea;false;ocean;0
690;57;5;18;sea;false;ocean;0
691;38;26;27;sea;false;ocean;0
692;14;35;27;sea;false;ocean;0
693;29;59;10;sea;false;ocean;0
694;5;86;1;sea;false;ocean;0
695;32;8;50;sea;false;ocean;0
696;3;44;51;sea;false;ocean;0
697;8;48;14;sea;false;ocean;0
698;23;31;21;sea;false;ocean;0
699;20;51;7;sea;false;ocean;0
700;35;34;27;sea;false;ocean;0
701;54;12;25;sea;false;ocean;0
702;4;36;58;sea;true;ocean;0
703;5;29;10;sea;false;ocean;0
704;0;47;0;sea;false;ocean;0
705;26;33;10;sea;false;ocean;0
706;35;17;0;sea;false;ocean;0
707;27;8;20;sea;false;ocean;0
708;9;61;0;sea;false;ocean;0
709;2;24;35;sea;true;ocean;0
710;18;14;46;sea;false;ocean;0
711;43;24;17;sea;true;ocean;0
712;4;6;18;sea;false;ocean;0
713;21;26;3;sea;false;ocean;0
714;23;39;4;sea;false;ocean;0
715;13;6;26;sea;false;ocean;0
716;32;29;37;sea;false;ocean;0
717;26;6;30;sea;false;ocean;0
718;52;23;23;sea;false;ocean;0
719;30;38;18;sea;false;ocean;0
720;18;38;29;sea;false;ocean;0
721;8;9;36;sea;false;ocean;0
722;17;41;25;sea;false;ocean;0
723;21;19;58;sea;false;ocean;0
724;13;25;42;sea;false;ocean;0
725;25;2;20;sea;false;ocean;0
726;13;16;10;sea;false;ocean;0
727;3;10;10;sea;false;ocean;0
728;7;32;39;sea;false;ocean;0
729;22;40;11;sea;false;ocean;0
730;38;1;49;sea;false;ocean;0
731;44;11;12;sea;false;ocean;0
732;48;5;8;sea;false;ocean;0
733;0;53;44;sea;false;ocean;0
734;13;4;77;sea;true;ocean;0
735;86;0;8;sea;false;ocean;0
736;51;7;40;sea;false;ocean;0
737;11;6;4;sea;false;ocean;0
738;3;57;38;sea;false;ocean;0
739;27;8;53;sea;false;ocean;0
740;1;29;29;sea;false;ocean;0
741;5;60;16;sea;false;ocean;0
742;9;84;3;sea;false;ocean;0
743;32;7;31;sea;false;ocean;0
744;3;54;35;sea;false;ocean;0
745;24;9;35;sea;false;ocean;0
746;14;5;6;sea;false;ocean;0
747;31;18;11;sea;false;ocean;0
748;15;29;26;sea;false;ocean;0
749;5;10;71;sea;false;ocean;0
750;17;21;12;sea;false;ocean;0
751;2;19;18;sea;false;ocean;0
752;2;8;72;sea;false;ocean;0
753;21;10;27;sea;false;ocean;0
754;42;24;18;sea;false;ocean;0
755;41;15;16;sea;false;ocean;0
756;35;50;4;sea;false;ocean;0
757;51;9;25;sea;false;ocean;0
758;14;39;21;sea;false;ocean;0
759;3;35;52;sea;false;ocean;0
760;19;14;34;sea;false;ocean;0
761;38;0;42;sea;false;ocean;0
762;15;40;2;sea;false;ocean;0
763;11;20;26;sea;true;ocean;0
764;7;31;34;sea;false;ocean;0
765;1;34;23;sea;false;ocean;0
766;21;18;8;sea;false;ocean;0
767;9;81;8;sea;false;ocean;0
768;74;9;14;sea;false;ocean;0
769;45;5;15;sea;false;ocean;0
770;45;29;7;sea;false;ocean;0
771;13;3;51;sea;false;ocean;0
772;69;7;19;sea;false;ocean;0
773;22;49;8;sea;false;ocean;0
774;13;5;25;sea;false;ocean;0
775;23;4;21;sea;false;ocean;0
776;4;25;44;sea;false;ocean;0
777;26;20;14;sea;false;ocean;0
778;16;34;26;sea;false;ocean;0
779;26;53;9;sea;false;ocean;0
780;11;22;40;sea;false;ocean;0
781;27;28;27;sea;false;ocean;0
782;10;24;8;sea;false;ocean;0
783;9;44;21;sea;false;ocean;0
784;1;2;83;sea;false;ocean;0
785;9;29;5;sea;false;ocean;0
786;5;33;17;sea;false;ocean;0
787;72;17;3;sea;false;ocean;0
788;44;15;40;sea;false;ocean;0
789;26;10;4;sea;false;ocean;0
790;56;6;21;sea;false;ocean;0
791;19;4;27;sea;false;ocean;0
792;52;28;3;sea;false;ocean;0
793;26;10;15;sea;false;ocean;0
794;63;9;15;sea;false;ocean;0
795;9;67;3;sea;false;ocean;0
796;39;24;4;sea;false;ocean;0
797;5;2;80;sea;false;ocean;0
798;56;17;15;sea;false;ocean;0
799;2;65;10;sea;false;ocean;0
800;3;32;2;sea;false;ocean;0
801;56;13;27;sea;false;ocean;0
802;21;28;2;sea;false;ocean;0
803;28;1;14;sea;false;ocean;0
804;38;14;32;sea;false;ocean;0
805;4;2;31;sea;false;ocean;0
806;15;2;66;sea;false;ocean;0
807;62;22;1;sea;false;ocean;0
808;33;36;22;sea;false;ocean;0
809;30;15;46;sea;false;ocean;0
810;0;45;42;sea;false;ocean;0
811;5;54;31;sea;false;ocean;0
812;54;17;20;sea;false;ocean;0
813;38;20;37;sea;false;ocean;0
814;14;18;25;sea;false;ocean;0
815;13;29;33;sea;false;ocean;0
816;56;0;21;sea;false;ocean;0
817;28;14;48;sea;false;ocean;0
818;47;20;1;sea;false;ocean;0
819;10;36;2;sea;false;ocean;0
820;14;3;63;sea;false;ocean;0
821;0;24;47;sea;false;ocean;0
822;47;21;4;sea;false;ocean;0
823;18;37;1;sea;false;ocean;0
824;3;30;55;sea;false;ocean;0
825;62;8;27;sea;false;ocean;0
826;23;6;68;sea;false;ocean;0
827;4;37;1;sea;false;ocean;0
828;4;30;6;sea;false;ocean;0
829;4;22;68;sea;false;ocean;0
830;23;34;30;sea;false;ocean;0
831;18;20;39;sea;false;ocean;0
832;30;42;1;sea;false;ocean;0
833;41;10;38;sea;false;ocean;0
834;2;22;60;sea;false;ocean;0
835;45;3;46;sea;false;ocean;0
836;2;38;29;sea;false;ocean;0
837;60;8;23;sea;false;ocean;0
838;3;31;9;sea;false;ocean;0
839;4;37;10;sea;false;ocean;0
840;21;7;13;sea;false;ocean;0
841;42;3;54;sea;false;ocean;0
842;6;28;56;sea;false;ocean;0
843;21;24;9;sea;true;ocean;0
844;0;59;21;sea;false;ocean;0
845;25;37;23;sea;false;ocean;0
846;6;65;1;sea;false;ocean;0
847;32;36;26;sea;false;ocean;0
848;1;15;53;sea;false;ocean;0
849;7;49;41;sea;false;ocean;0
850;34;24;34;sea;false;ocean;0
851;20;8;10;sea;false;ocean;0
852;13;4;55;sea;false;ocean;0
853;13;26;23;sea;false;ocean;0
854;11;41;16;sea;false;ocean;0
855;18;35;32;sea;false;ocean;0
856;44;5;20;sea;false;ocean;0
857;55;9;15;sea;true;ocean;0
858;21;66;8;sea;false;ocean;0
859;32;4;37;sea;false;ocean;0
860;12;25;34;sea;false;ocean;0
861;25;41;19;sea;false;ocean;0
862;42;29;23;sea;false;ocean;0
863;22;32;22;sea;false;ocean;0
864;25;25;9;sea;false;ocean;0
865;41;49;8;sea;false;ocean;0
866;3;65;6;sea;false;ocean;0
867;78;9;12;sea;false;ocean;0
868;31;16;35;sea;false;ocean;0
869;20;53;6;sea;false;ocean;0
870;28;33;17;sea;true;ocean;0
871;38;14;28;sea;false;ocean;0
872;44;12;27;sea;false;ocean;0
873;47;51;1;sea;false;ocean;0
874;25;49;15;sea;false;ocean;0
875;44;5;48;sea;false;ocean;0
876;17;14;22;sea;true;ocean;0
877;1;34;31;sea;false;ocean;0
878;27;16;10;sea;false;ocean;0
879;14;12;8;sea;false;ocean;0
880;5;2;51;sea;false;ocean;0
881;1;18;31;sea;false;ocean;0
882;9;21;47;sea;true;ocean;0
883;4;29;18;sea;false;ocean;0
884;44;52;1;sea;false;ocean;0
885;62;19;12;sea;false;ocean;0
886;4;24;29;sea;false;ocean;0
887;5;48;6;sea;false;ocean;0
888;10;41;41;sea;false;ocean;0
889;18;57;16;sea;false;ocean;0
890;29;20;25;sea;false;ocean;0
891;0;7;71;sea;false;ocean;0
892;0;25;35;sea;false;ocean;0
893;38;13;38;sea;false;ocean;0
894;24;20;38;sea;false;ocean;0
895;16;60;14;sea;false;ocean;0
896;9;9;8;sea;false;ocean;0
897;2;17;79;sea;false;ocean;0
898;37;9;31;sea;false;ocean;0
899;2;64;13;sea;false;ocean;0
900;37;37;0;sea;false;ocean;0
901;9;47;8;sea;false;ocean;0
902;45;25;18;sea;false;ocean;0
903;30;12;39;sea;false;ocean;0
904;5;4;68;sea;false;ocean;0
905;38;12;23;sea;true;ocean;0
906;67;6;24;sea;false;ocean;0
907;18;45;26;sea;false;ocean;0
908;19;29;16;sea;true;ocean;0
909;3;4;29;sea;false;ocean;0
910;59;8;15;sea;false;ocean;0
911;60;3;14;sea;false;ocean;0
912;16;2;46;sea;false;ocean;0
913;35;7;9;sea;false;ocean;0
914;72;4;23;sea;false;ocean;0
915;47;31;8;sea;false;ocean;0
916;26;19;9;sea;false;ocean;0
917;9;51;33;sea;false;ocean;0
918;11;55;29;sea;false;ocean;0
919;6;36;5;sea;false;ocean;0
920;0;6;38;sea;false;ocean;0
921;44;3;32;sea;false;ocean;0
922;10;62;16;sea;false;ocean;0
923;16;59;5;sea;false;ocean;0
924;32;1;37;sea;false;ocean;0
925;10;73;1;sea;false;ocean;0
926;18;16;19;sea;false;ocean;0
927;33;44;19;sea;false;ocean;0
928;19;22;56;sea;false;ocean;0
929;6;7;21;sea;true;ocean;0
930;58;7;19;sea;false;ocean;0
931;62;1;5;sea;false;ocean;0
932;2;75;4;sea;false;ocean;0
933;32;13;41;sea;false;ocean;0
934;59;3;5;sea;false;ocean;0
935;11;13;41;sea;false;ocean;0
936;60;7;11;sea;false;ocean;0
937;25;61;11;sea;false;ocean;0
938;5;25;24;sea;false;ocean;0
939;40;7;15;sea;false;ocean;0
940;67;1;11;sea;false;ocean;0
941;16;0;47;sea;false;ocean;0
942;22;13;52;sea;false;ocean;0
943;0;19;33;sea;false;ocean;0
944;28;45;19;sea;false;ocean;0
945;8;4;37;sea;false;ocean;0
946;9;12;76;sea;false;ocean;0
947;6;25;24;sea;false;ocean;0
948;14;42;19;sea;false;ocean;0
949;10;30;51;sea;false;ocean;0
950;52;2;3;sea;false;ocean;0
951;21;21;18;sea;false;ocean;0
952;13;13;55;sea;false;ocean;0
953;24;44;16;sea;false;ocean;0
954;23;24;26;sea;false;ocean;0
955;37;2;7;sea;false;ocean;0
956;10;20;15;sea;false;ocean;0
957;10;12;18;sea;false;ocean;0
958;3;37;53;sea;false;ocean;0
959;31;11;18;sea;false;ocean;0
960;27;10;19;sea;false;ocean;0
961;3;21;11;sea;false;ocean;0
962;13;74;1;sea;false;ocean;0
963;38;19;35;sea;false;ocean;0
964;8;16;59;sea;false;ocean;0
965;1;7;78;sea;false;ocean;0
966;16;44;5;sea;false;ocean;0
967;5;22;27;sea;false;ocean;0
968;19;53;6;sea;false;ocean;0
969;75;5;7;sea;true;ocean;0
970;17;57;3;sea;false;ocean;0
971;11;28;40;sea;false;ocean;0
972;46;41;12;sea;false;ocean;0
973;35;40;19;sea;false;ocean;0
974;48;34;11;sea;false;ocean;0
975;40;15;29;sea;false;ocean;0
976;6;36;53;sea;false;ocean;0
977;9;14;71;sea;false;ocean;0
978;3;64;19;sea;true;ocean;0
979;21;22;37;sea;false;ocean;0
980;10;69;8;sea;false;ocean;0
981;11;38;15;sea;true;ocean;0
982;18;36;7;sea;false;ocean;0
983;39;49;0;sea;false;ocean;0
984;2;42;13;sea;false;ocean;0
985;6;12;41;sea;false;ocean;0
986;6;10;81;sea;false;ocean;0
987;42;1;23;sea;true;ocean;0
988;31;10;26;sea;true;ocean;0
989;49;30;5;sea;false;ocean;0
990;57;25;9;sea;false;ocean;0
991;80;3;16;sea;true;ocean;0
992;3;8;54;sea;false;ocean;0
993;61;12;4;sea;false;ocean;0
994;23;56;7;sea;false;ocean;0
995;13;6;63;sea;false;ocean;0
996;9;29;55;sea;false;ocean;0
997;59;17;22;sea;false;ocean;0
998;7;28;13;sea;false;ocean;0
999;37;31;4;sea;false;ocean;0
1000;32;13;24;sea;false;ocean;0
1001;0;25;20;sea;true;ocean;0
1002;18;7;23;sea;false;ocean;0
1003;13;28;3;sea;false;ocean;0
1004;12;46;29;sea;false;ocean;0
1005;36;18;14;sea;false;ocean;0
1006;24;19;52;sea;false;ocean;0
1007;46;24;3;sea;false;ocean;0
1008;12;20;17;sea;false;ocean;0
1009;14;7;71;sea;false;ocean;0
1010;14;47;35;sea;true;ocean;0
1011;47;0;46;sea;false;ocean;0
1012;5;34;20;sea;false;ocean;0
1013;30;64;3;sea;false;ocean;0
1014;30;8;22;sea;false;ocean;0
1015;0;64;10;sea;false;ocean;0
1016;6;51;36;sea;false;ocean;0
1017;59;2;36;sea;false;ocean;0
1018;2;44;32;sea;false;ocean;0
1019;19;19;0;sea;false;ocean;0
1020;27;35;5;sea;false;ocean;0
1021;26;0;28;sea;false;ocean;0
1022;53;39;0;sea;false;ocean;0
1023;5;10;16;sea;false;ocean;0
1024;23;44;31;sea;true;ocean;0
1025;76;7;1;sea;true;ocean;0
1026;9;3;22;sea;false;ocean;0
1027;55;24;6;sea;false;ocean;0
1028;24;37;3;sea;false;ocean;0
1029;12;65;17;sea;false;ocean;0
1030;56;17;8;sea;false;ocean;0
1031;31;10;34;sea;false;ocean;0
1032;12;5;3;sea;false;ocean;0
1033;30;19;39;sea;false;ocean;0
1034;12;20;54;sea;false;ocean;0
1035;49;20;19;sea;false;ocean;0
1036;58;8;19;sea;false;ocean;0
1037;19;34;0;sea;false;ocean;0
1038;9;1;53;sea;false;ocean;0
1039;4;10;76;sea;false;ocean;0
1040;0;57;15;sea;false;ocean;0
1041;25;12;24;sea;false;ocean;0
1042;35;26;36;sea;false;ocean;0
1043;47;36;3;sea;false;ocean;0
1044;9;19;29;sea;false;ocean;0
1045;26;4;49;sea;false;ocean;0
1046;11;62;24;sea;false;ocean;0
1047;25;23;42;sea;false;ocean;0
1048;13;37;8;sea;false;ocean;0
1049;3;7;63;sea;false;ocean;0
1050;36;28;30;sea;false;ocean;0
1051;60;9;14;sea;true;ocean;0
1052;38;8;32;sea;false;ocean;0
1053;6;37;14;sea;false;ocean;0
1054;16;25;38;sea;false;ocean;0
1055;5;78;4;sea;false;ocean;0
1056;21;1;71;sea;false;ocean;0
1057;2;6;58;sea;false;ocean;0
1058;41;0;3;sea;false;ocean;0
1059;5;3;54;sea;false;ocean;0
1060;42;2;25;sea;true;ocean;0
1061;0;92;1;sea;false;ocean;0
1062;15;7;49;sea;false;ocean;0
1063;76;16;6;sea;false;ocean;0
1064;14;24;11;sea;false;ocean;0
1065;0;37;13;sea;false;ocean;0
1066;18;30;27;sea;false;ocean;0
1067;65;12;22;sea;false;ocean;0
1068;24;1;53;sea;false;ocean;0
1069;7;47;22;sea;false;ocean;0
1070;6;1;16;sea;false;ocean;0
1071;8;21;36;sea;false;ocean;0
1072;16;25;43;sea;false;ocean;0
1073;35;38;20;sea;true;ocean;0
1074;0;2;66;sea;false;ocean;0
1075;53;1;28;sea;false;ocean;0
1076;27;48;7;sea;false;ocean;0
1077;42;3;42;sea;false;ocean;0
1078;15;13;14;sea;false;ocean;0
1079;62;15;21;sea;false;ocean;0
1080;48;7;16;sea;false;ocean;0
1081;7;10;34;sea;false;ocean;0
1082;40;6;40;sea;false;ocean;0
1083;1;36;14;sea;false;ocean;0
1084;41;15;11;sea;false;ocean;0
1085;43;19;21;sea;false;ocean;0
1086;16;4;49;sea;false;ocean;0
1087;73;15;10;sea;false;ocean;0
1088;2;48;17;sea;false;ocean;0
1089;23;17;30;sea;false;ocean;0
1090;78;16;5;sea;false;ocean;0
1091;49;10;2;sea;false;ocean;0
1092;20;15;43;sea;false;ocean;0
1093;7;47;30;sea;false;ocean;0
1094;9;40;47;sea;false;ocean;0
1095;21;13;5;sea;false;ocean;0
1096;27;17;19;sea;true;ocean;0
1097;12;3;64;sea;false;ocean;0
1098;13;37;5;sea;false;ocean;0
1099;5;3;32;sea;false;ocean;0
1100;5;29;55;sea;false;ocean;0
1101;28;4;47;sea;false;ocean;0
1102;25;11;20;sea;false;ocean;0
1103;5;15;57;sea;false;ocean;0
1104;32;6;3;sea;false;ocean;0
1105;2;15;43;sea;false;ocean;0
1106;15;20;37;sea;false;ocean;0
1107;0;8;63;sea;false;ocean;0
1108;11;41;7;sea;false;ocean;0
1109;12;6;56;sea;false;ocean;0
1110;24;17;55;sea;false;ocean;0
1111;5;52;17;sea;false;ocean;0
1112;40;11;36;sea;true;ocean;0
1113;37;1;19;sea;true;ocean;0
1114;1;10;83;sea;false;ocean;0
1115;12;34;44;sea;false;ocean;0
1116;15;32;50;sea;false;ocean;0
1117;28;20;21;sea;false;ocean;0
1118;37;25;24;sea;false;ocean;0
1119;42;13;33;sea;false;ocean;0
1120;62;20;11;sea;false;ocean;0
1121;46;23;6;sea;false;ocean;0
1122;57;8;21;sea;true;ocean;0
1123;42;39;16;sea;false;ocean;0
1124;6;12;7;sea;false;ocean;0
1125;38;19;16;sea;false;ocean;0
1126;46;27;5;sea;false;ocean;0
1127;40;19;26;sea;false;ocean;0
1128;19;9;5;sea;false;ocean;0
1129;27;46;21;sea;false;ocean;0
1130;71;8;7;sea;false;ocean;0
1131;78;6;3;sea;false;ocean;0
1132;6;11;27;sea;false;ocean;0
1133;54;29;15;sea;false;ocean;0
1134;22;5;58;sea;false;ocean;0
1135;75;1;21;sea;false;ocean;0
1136;19;35;9;sea;false;ocean;0
1137;0;11;28;sea;false;ocean;0
1138;50;21;15;sea;false;ocean;0
1139;23;20;11;sea;false;ocean;0
1140;15;6;41;sea;false;ocean;0
1141;3;45;37;sea;false;ocean;0
1142;0;4;69;sea;false;ocean;0
1143;33;49;17;sea;true;ocean;0
1144;10;11;69;sea;false;ocean;0
1145;30;5;3;sea;false;ocean;0
1146;76;18;5;sea;false;ocean;0
1147;2;24;27;sea;false;ocean;0
1148;18;66;1;sea;false;ocean;0
1149;33;24;37;sea;true;ocean;0
1150;9;23;16;sea;false;ocean;0
1151;1;54;41;sea;true;ocean;0
1152;1;36;32;sea;false;ocean;0
1153;47;13;30;sea;false;ocean;0
1154;34;17;25;sea;false;ocean;0
1155;46;9;25;sea;false;ocean;0
1156;8;12;62;sea;false;ocean;0
1157;5;40;46;sea;false;ocean;0
1158;27;1;7;sea;false;ocean;0
1159;8;52;7;sea;false;ocean;0
1160;5;33;23;sea;false;ocean;0
1161;8;25;0;sea;false;ocean;0
1162;60;1;22;sea;false;ocean;0
1163;22;26;39;sea;false;ocean;0
1164;7;24;2;sea;false;ocean;0
1165;11;19;32;sea;false;ocean;0
1166;26;50;6;sea;false;ocean;0
1167;24;61;14;sea;false;ocean;0
1168;0;42;18;sea;false;ocean;0
1169;53;2;9;sea;false;ocean;0
1170;35;5;24;sea;false;ocean;0
1171;41;9;31;sea;false;ocean;0
1172;37;4;55;sea;false;ocean;0
1173;3;46;41;sea;false;ocean;0
1174;6;54;27;sea;false;ocean;0
1175;22;30;29;sea;false;ocean;0
1176;8;22;23;sea;false;ocean;0
1177;12;35;39;sea;false;ocean;0
1178;59;2;5;sea;false;ocean;0
1179;50;6;39;sea;false;ocean;0
1180;8;47;17;sea;false;ocean;0
1181;3;34;3;sea;false;ocean;0
1182;41;46;11;sea;false;ocean;0
1183;51;12;21;sea;false;ocean;0
1184;13;34;3;sea;true;ocean;0
1185;20;2;25;sea;false;ocean;0
1186;15;21;33;sea;false;ocean;0
1187;62;12;18;sea;false;ocean;0
1188;35;36;20;sea;false;ocean;0
1189;8;22;33;sea;false;ocean;0
1190;7;24;3;sea;false;ocean;0
1191;7;17;66;sea;false;ocean;0
1192;25;13;60;sea;false;ocean;0
1193;37;16;28;sea;false;ocean;0
1194;13;5;31;sea;false;ocean;0
1195;17;24;9;sea;false;ocean;0
1196;54;31;0;sea;true;ocean;0
1197;59;0;23;sea;false;ocean;0
1198;24;13;37;sea;false;ocean;0
1199;20;12;13;sea;false;ocean;0
1200;3;64;23;sea;false;ocean;0
1201;22;65;10;sea;false;ocean;0
1202;11;14;52;sea;false;ocean;0
1203;6;10;5;sea;false;ocean;0
1204;44;34;8;sea;false;ocean;0
1205;5;49;42;sea;false;ocean;0
1206;40;0;16;sea;false;ocean;0
1207;12;12;11;sea;false;ocean;0
1208;23;68;6;sea;false;ocean;0
1209;25;1;73;sea;false;ocean;0
1210;13;3;74;sea;false;ocean;0
1211;7;26;14;sea;false;ocean;0
1212;2;73;9;sea;false;ocean;0
1213;67;22;7;sea;false;ocean;0
1214;35;8;52;sea;false;ocean;0
1215;27;5;55;sea;false;ocean;0
1216;10;72;0;sea;false;ocean;0
1217;23;43;18;sea;false;ocean;0
1218;4;43;36;sea;false;ocean;0
1219;27;21;10;sea;true;ocean;0
1220;21;6;4;sea;false;ocean;0
1221;28;41;9;sea;false;ocean;0
1222;0;45;4;sea;false;ocean;0
1223;2;80;15;sea;false;ocean;0
1224;43;13;37;sea;false;ocean;0
1225;38;42;8;sea;false;ocean;0
1226;8;28;30;sea;false;ocean;0
1227;59;5;22;sea;false;ocean;0
1228;10;59;3;sea;false;ocean;0
1229;33;14;9;sea;true;ocean;0
1230;18;14;48;sea;false;ocean;0
1231;42;8;30;sea;true;ocean;0
1232;50;34;0;sea;false;ocean;0
1233;8;46;11;sea;false;ocean;0
1234;29;62;4;sea;false;ocean;0
1235;55;0;32;sea;true;ocean;0
1236;4;40;45;sea;false;ocean;0
1237;6;16;75;sea;false;ocean;0
1238;3;55;8;sea;true;ocean;0
1239;21;2;28;sea;false;ocean;0
1240;2;48;36;sea;false;ocean;0
1241;27;19;30;sea;false;ocean;0
1242;6;0;18;sea;false;ocean;0
1243;8;6;10;sea;false;ocean;0
1244;34;17;44;sea;false;ocean;0
1245;17;37;10;sea;false;ocean;0
1246;25;25;45;sea;false;ocean;0
1247;4;24;2;sea;false;ocean;0
1248;17;10;54;sea;false;ocean;0
1249;29;13;39;sea;false;ocean;0
1250;49;33;12;sea;false;ocean;0
1251;18;57;15;sea;false;ocean;0
1252;18;62;18;sea;false;ocean;0
1253;4;9;15;sea;false;ocean;0
1254;5;42;23;sea;false;ocean;0
1255;77;1;18;sea;false;ocean;0
1256;8;26;0;sea;false;ocean;0
1257;58;2;15;sea;false;ocean;0
1258;1;12;50;sea;false;ocean;0
1259;2;88;3;sea;true;ocean;0
1260;40;2;36;sea;false;ocean;0
1261;17;61;5;sea;false;ocean;0
1262;22;23;14;sea;false;ocean;0
1263;7;21;18;sea;false;ocean;0
1264;26;22;36;sea;false;ocean;0
1265;29;19;28;sea;false;ocean;0
1266;79;7;10;sea;false;ocean;0
1267;6;59;12;sea;false;ocean;0
1268;12;17;61;sea;false;ocean;0
1269;31;0;18;sea;false;ocean;0
1270;44;7;15;sea;false;ocean;0
1271;88;1;0;sea;false;ocean;0
1272;19;0;10;sea;false;ocean;0
1273;65;0;28;sea;false;ocean;0
1274;80;5;14;sea;true;ocean;0
1275;65;24;2;sea;false;ocean;0
1276;36;16;47;sea;false;ocean;0
1277;25;0;0;sea;false;ocean;0
1278;80;10;1;sea;false;ocean;0
1279;34;13;35;sea;false;ocean;0
1280;73;4;22;sea;true;ocean;0
1281;15;48;27;sea;false;ocean;0
1282;10;23;57;sea;false;ocean;0
1283;18;4;18;sea;false;ocean;0
1284;8;25;2;sea;false;ocean;0
1285;24;9;61;sea;false;ocean;0
1286;5;30;32;sea;true;ocean;0
1287;29;12;11;sea;true;ocean;0
1288;8;5;24;sea;false;ocean;0
1289;1;13;36;sea;true;ocean;0
1290;32;16;47;sea;true;ocean;0
1291;20;1;62;sea;false;ocean;0
1292;3;51;38;sea;false;ocean;0
1293;5;11;46;sea;false;ocean;0
1294;16;36;33;sea;false;ocean;0
1295;6;14;62;sea;false;ocean;0
1296;34;54;11;sea;false;ocean;0
1297;48;16;9;sea;true;ocean;0
1298;22;15;9;sea;false;ocean;0
1299;8;2;86;sea;true;ocean;0
1300;18;48;31;sea;false;ocean;0
1301;18;25;50;sea;false;ocean;0
1302;39;28;11;sea;false;ocean;0
1303;65;8;9;sea;false;ocean;0
1304;13;59;7;sea;false;ocean;0
1305;28;44;3;sea;false;ocean;0
1306;53;16;5;sea;false;ocean;0
1307;18;7;39;sea;false;ocean;0
1308;4;10;28;sea;false;ocean;0
1309;11;39;36;sea;false;ocean;0
1310;3;19;27;sea;false;ocean;0
1311;8;18;3;sea;true;ocean;0
1312;11;3;13;sea;false;ocean;0
1313;18;14;43;sea;false;ocean;0
1314;28;18;31;sea;false;ocean;0
1315;5;33;10;sea;false;ocean;0
1316;17;14;15;sea;false;ocean;0
1317;25;54;8;sea;false;ocean;0
1318;4;46;3;sea;false;ocean;0
1319;8;82;5;sea;false;ocean;0
1320;27;11;40;sea;true;ocean;0
1321;69;18;1;sea;false;ocean;0
1322;51;28;0;sea;false;ocean;0
1323;7;58;23;sea;false;ocean;0
1324;12;19;23;sea;false;ocean;0
1325;9;49;8;sea;false;ocean;0
1326;9;76;11;sea;false;ocean;0
1327;41;36;21;sea;false;ocean;0
1328;35;30;29;sea;false;ocean;0
1329;1;12;6;sea;false;ocean;0
1330;24;55;17;sea;true;ocean;0
1331;3;44;50;sea;true;ocean;0
1332;7;37;20;sea;false;ocean;0
1333;23;49;17;sea;true;ocean;0
1334;26;50;8;sea;false;ocean;0
1335;5;23;34;sea;false;ocean;0
1336;27;14;34;sea;false;ocean;0
1337;12;20;61;sea;false;ocean;0
1338;29;40;6;sea;false;ocean;0
1339;1;50;0;sea;false;ocean;0
1340;42;23;30;sea;false;ocean;0
1341;3;15;53;sea;false;ocean;0
1342;6;26;34;sea;false;ocean;0
1343;19;27;48;sea;false;ocean;0
1344;5;22;46;sea;false;ocean;0
1345;28;5;13;sea;false;ocean;0
1346;17;38;42;sea;false;ocean;0
1347;11;15;26;sea;false;ocean;0
1348;15;3;54;sea;false;ocean;0
1349;26;9;25;sea;false;ocean;0
1350;40;25;22;sea;false;ocean;0
1351;17;63;1;sea;false;ocean;0
1352;25;19;33;sea;false;ocean;0
1353;4;21;73;sea;false;ocean;0
1354;71;12;7;sea;false;ocean;0
1355;8;0;76;sea;false;ocean;0
1356;57;4;36;sea;true;ocean;0
1357;43;1;33;sea;false;ocean;0
1358;13;44;10;sea;false;ocean;0
1359;51;5;35;sea;false;ocean;0
1360;13;6;22;sea;false;ocean;0
1361;45;7;11;sea;false;ocean;0
1362;14;83;0;sea;false;ocean;0
1363;47;10;21;sea;false;ocean;0
1364;5;64;5;sea;true;ocean;0
1365;40;19;2;sea;false;ocean;0
1366;24;17;49;sea;false;ocean;0
1367;44;42;6;sea;false;ocean;0
1368;40;2;48;sea;false;ocean;0
1369;13;26;12;sea;true;ocean;0
1370;37;11;15;sea;false;ocean;0
1371;20;6;31;sea;false;ocean;0
1372;21;23;21;sea;false;ocean;0
1373;6;2;27;sea;false;ocean;0
1374;0;75;4;sea;false;ocean;0
1375;56;17;18;sea;false;ocean;0
1376;2;67;20;sea;false;ocean;0
1377;48;18;14;sea;false;ocean;0
1378;28;13;17;sea;false;ocean;0
1379;31;27;40;sea;false;ocean;0
1380;17;7;39;sea;false;ocean;0
1381;27;40;15;sea;true;ocean;0
1382;4;18;74;sea;false;ocean;0
1383;7;57;9;sea;false;ocean;0
1384;13;31;29;sea;false;ocean;0
1385;5;32;17;sea;false;ocean;0
1386;30;16;15;sea;false;ocean;0
1387;47;9;8;sea;false;ocean;0
1388;41;34;16;sea;true;ocean;0
1389;15;39;17;sea;true;ocean;0
1390;8;24;46;sea;false;ocean;0
1391;3;35;31;sea;false;ocean;0
1392;48;15;33;sea;false;ocean;0
1393;49;36;9;sea;false;ocean;0
1394;2;15;82;sea;false;ocean;0
1395;17;18;57;sea;false;ocean;0
1396;30;60;2;sea;false;ocean;0
1397;8;7;40;sea;false;ocean;0
1398;23;16;42;sea;false;ocean;0
1399;86;1;8;sea;false;ocean;0
1400;60;3;24;sea;false;ocean;0
1401;23;43;0;sea;false;ocean;0
1402;0;18;72;sea;false;ocean;0
1403;23;45;26;sea;false;ocean;0
1404;22;44;32;sea;false;ocean;0
1405;43;10;42;sea;true;ocean;0
1406;42;1;41;sea;false;ocean;0
1407;68;0;6;sea;false;ocean;0
1408;38;40;9;sea;false;ocean;0
1409;63;5;25;sea;false;ocean;0
1410;9;5;40;sea;false;ocean;0
1411;7;31;41;sea;false;ocean;0
1412;28;53;0;sea;false;ocean;0
1413;28;4;11;sea;false;ocean;0
1414;15;69;0;sea;false;ocean;0
1415;31;56;3;sea;true;ocean;0
1416;38;29;10;sea;false;ocean;0
1417;6;22;63;sea;false;ocean;0
1418;22;67;4;sea;false;ocean;0
1419;1;51;21;sea;false;ocean;0
1420;48;28;2;sea;false;ocean;0
1421;2;28;45;sea;false;ocean;0
1422;28;16;55;sea;false;ocean;0
1423;27;31;0;sea;false;ocean;0
1424;37;12;4;sea;false;ocean;0
1425;42;2;36;sea;false;ocean;0
1426;61;22;3;sea;false;ocean;0
1427;12;12;46;sea;true;ocean;0
1428;15;7;45;sea;false;ocean;0
1429;46;11;15;sea;false;ocean;0
1430;6;55;13;sea;false;ocean;0
1431;49;16;8;sea;false;ocean;0
1432;16;43;3;sea;false;ocean;0
1433;17;36;8;sea;false;ocean;0
1434;39;32;9;sea;false;ocean;0
1435;8;58;26;sea;false;ocean;0
1436;34;5;35;sea;false;ocean;0
1437;55;12;8;sea;true;ocean;0
1438;41;7;35;sea;false;ocean;0
1439;37;4;50;sea;false;ocean;0
1440;30;8;13;sea;false;ocean;0
1441;19;7;27;sea;false;ocean;0
1442;10;3;84;sea;false;ocean;0
1443;13;46;37;sea;false;ocean;0
1444;67;1;6;sea;false;ocean;0
1445;66;6;9;sea;false;ocean;0
1446;25;39;5;sea;false;ocean;0
1447;19;58;20;sea;false;ocean;0
1448;13;53;8;sea;false;ocean;0
1449;26;9;36;sea;false;ocean;0
1450;1;14;2;sea;false;ocean;0
1451;33;12;48;sea;false;ocean;0
1452;26;3;28;sea;true;ocean;0
1453;4;79;10;sea;false;ocean;0
1454;13;40;4;sea;false;ocean;0
1455;10;50;3;sea;false;ocean;0
1456;50;5;42;sea;false;ocean;0
1457;20;52;1;sea;false;ocean;0
1458;2;57;36;sea;true;ocean;0
1459;5;10;82;sea;false;ocean;0
1460;62;3;19;sea;false;ocean;0
1461;35;12;34;sea;true;ocean;0
1462;2;47;45;sea;false;ocean;0
1463;3;5;9;sea;true;ocean;0
1464;3;23;12;sea;false;ocean;0
1465;39;6;31;sea;false;ocean;0
1466;41;8;5;sea;true;ocean;0
1467;11;37;15;sea;false;ocean;0
1468;74;16;1;sea;false;ocean;0
1469;8;23;27;sea;true;ocean;0
1470;2;32;8;sea;false;ocean;0
1471;25;42;28;sea;false;ocean;0
1472;18;13;16;sea;false;ocean;0
1473;1;19;60;sea;false;ocean;0
1474;55;14;28;sea;false;ocean;0
1475;76;15;3;sea;false;ocean;0
1476;28;66;5;sea;false;ocean;0
1477;30;10;22;sea;false;ocean;0
1478;28;35;23;sea;false;ocean;0
1479;29;15;53;sea;false;ocean;0
1480;37;19;9;sea;false;ocean;0
1481;2;9;47;sea;false;ocean;0
1482;6;49;31;sea;false;ocean;0
1483;38;49;0;sea;false;ocean;0
1484;27;4;54;sea;false;ocean;0
1485;19;27;8;sea;true;ocean;0
1486;58;28;11;sea;true;ocean;0
1487;10;47;7;sea;false;ocean;0
1488;18;0;65;sea;true;ocean;0
1489;17;14;47;sea;false;ocean;0
1490;36;20;41;sea;false;ocean;0
1491;1;5;93;sea;false;ocean;0
1492;29;16;41;sea;false;ocean;0
1493;18;24;9;sea;false;ocean;0
1494;49;8;8;sea;false;ocean;0
1495;61;15;22;sea;false;ocean;0
1496;5;6;18;sea;false;ocean;0
1497;13;12;57;sea;false;ocean;0
1498;1;21;21;sea;false;ocean;0
1499;9;3;10;sea;false;ocean;0
1500;32;9;26;sea;false;ocean;0
1501;48;38;13;sea;false;ocean;0
1502;8;33;40;sea;false;ocean;0
1503;14;22;25;sea;true;ocean;0
1504;10;51;17;sea;false;ocean;0
1505;15;17;15;sea;false;ocean;0
1506;27;1;34;sea;false;ocean;0
1507;9;31;29;sea;true;ocean;0
1508;31;4;19;sea;false;ocean;0
1509;3;55;1;sea;false;ocean;0
1510;32;4;47;sea;false;ocean;0
1511;16;1;68;sea;true;ocean;0
1512;35;3;58;sea;false;ocean;0
1513;24;46;2;sea;true;ocean;0
1514;33;9;22;sea;false;ocean;0
1515;74;3;11;sea;false;ocean;0
1516;0;47;23;sea;false;ocean;0
1517;19;11;50;sea;false;ocean;0
1518;31;35;23;sea;false;ocean;0
1519;25;16;14;sea;false;ocean;0
1520;1;16;28;sea;false;ocean;0
1521;42;28;29;sea;false;ocean;0
1522;43;29;11;sea;false;ocean;0
1523;25;12;47;sea;false;ocean;0
1524;48;24;13;sea;false;ocean;0
1525;19;44;12;sea;true;ocean;0
1526;20;22;17;sea;true;ocean;0
1527;58;4;21;sea;false;ocean;0
1528;32;22;39;sea;false;ocean;0
1529;12;48;14;sea;false;ocean;0
1530;9;11;50;sea;true;ocean;0
1531;14;16;11;sea;true;ocean;0
1532;41;33;21;sea;false;ocean;0
1533;11;3;35;sea;false;ocean;0
1534;29;12;34;sea;false;ocean;0
1535;25;62;11;sea;false;ocean;0
1536;42;12;42;sea;false;ocean;0
1537;9;0;33;sea;false;ocean;0
1538;8;23;35;sea;false;ocean;0
1539;12;67;4;sea;false;ocean;0
1540;3;7;62;sea;false;ocean;0
1541;12;32;30;sea;true;ocean;0
1542;20;0;56;sea;false;ocean;0
1543;26;18;23;sea;false;ocean;0
1544;18;19;22;sea;false;ocean;0
1545;55;19;10;sea;false;ocean;0
1546;7;7;18;sea;false;ocean;0
1547;35;9;13;sea;true;ocean;0
1548;3;15;49;sea;false;ocean;0
1549;25;23;11;sea;false;ocean;0
1550;56;11;30;sea;false;ocean;0
1551;21;35;25;sea;true;ocean;0
1552;43;11;19;sea;true;ocean;0
1553;77;7;7;sea;false;ocean;0
1554;32;12;53;sea;false;ocean;0
1555;2;30;19;sea;false;ocean;0
1556;0;47;21;sea;true;ocean;0
1557;3;45;46;sea;false;ocean;0
1558;44;45;2;sea;false;ocean;0
1559;3;8;65;sea;false;ocean;0
1560;8;65;14;sea;true;ocean;0
1561;18;25;17;sea;false;ocean;0
1562;18;3;40;sea;false;ocean;0
1563;2;58;13;sea;false;ocean;0
1564;25;11;19;sea;false;ocean;0
1565;1;34;42;sea;false;ocean;0
1566;8;38;13;sea;false;ocean;0
1567;24;8;22;sea;false;ocean;0
1568;3;79;10;sea;false;ocean;0
1569;19;9;3;sea;false;ocean;0
1570;26;18;31;sea;false;ocean;0
1571;36;26;31;sea;false;ocean;0
1572;5;31;5;sea;false;ocean;0
1573;8;14;4;sea;false;ocean;0
1574;40;25;27;sea;false;ocean;0
1575;30;0;17;sea;false;ocean;0
1576;4;18;19;sea;false;ocean;0
1577;13;24;61;sea;true;ocean;0
1578;0;30;40;sea;false;ocean;0
1579;38;2;56;sea;false;ocean;0
1580;58;19;0;sea;false;ocean;0
1581;28;41;25;sea;true;ocean;0
1582;6;4;88;sea;false;ocean;0
1583;0;62;15;sea;false;ocean;0
1584;13;36;21;sea;false;ocean;0
1585;2;49;34;sea;true;ocean;0
1586;83;10;1;sea;true;ocean;0
1587;11;81;1;sea;true;ocean;0
1588;5;31;0;sea;false;ocean;0
1589;2;39;18;sea;false;ocean;0
1590;45;22;7;sea;false;ocean;0
1591;0;13;17;sea;false;ocean;0
1592;41;0;17;sea;false;ocean;0
1593;33;23;2;sea;false;ocean;0
1594;9;9;59;sea;false;ocean;0
1595;4;30;7;sea;false;ocean;0
1596;3;57;9;sea;false;ocean;0
1597;23;67;8;sea;false;ocean;0
1598;13;10;8;sea;false;ocean;0
1599;2;85;11;sea;false;ocean;0
1600;68;3;6;sea;false;ocean;0
1601;31;38;18;sea;true;ocean;0
1602;23;17;46;sea;false;ocean;0
1603;10;67;13;sea;false;ocean;0
1604;52;5;11;sea;false;ocean;0
1605;6;70;22;sea;false;ocean;0
1606;85;1;11;sea;false;ocean;0
1607;23;73;2;sea;false;ocean;0
1608;3;50;21;sea;false;ocean;0
1609;12;10;68;sea;true;ocean;0
1610;0;27;47;sea;false;ocean;0
1611;25;24;38;sea;false;ocean;0
1612;12;23;34;sea;false;ocean;0
1613;35;2;9;sea;false;ocean;0
1614;14;33;24;sea;false;ocean;0
1615;20;3;40;sea;true;ocean;0
1616;3;12;79;sea;false;ocean;0
1617;7;17;17;sea;false;ocean;0
1618;16;11;10;sea;false;ocean;0
1619;25;60;2;sea;false;ocean;0
1620;7;53;20;sea;false;ocean;0
1621;37;7;4;sea;false;ocean;0
1622;12;52;1;sea;false;ocean;0
1623;1;22;49;sea;true;ocean;0
1624;14;25;28;sea;false;ocean;0
1625;8;17;25;sea;false;ocean;0
1626;0;1;77;sea;false;ocean;0
1627;41;24;3;sea;false;ocean;0
1628;44;15;25;sea;false;ocean;0
1629;52;18;20;sea;true;ocean;0
1630;8;42;48;sea;false;ocean;0
1631;31;1;20;sea;true;ocean;0
1632;44;36;4;sea;false;ocean;0
1633;13;27;40;sea;false;ocean;0
1634;34;20;8;sea;false;ocean;0
1635;22;10;31;sea;false;ocean;0
1636;28;37;19;sea;false;ocean;0
1637;35;46;12;sea;false;ocean;0
1638;4;36;13;sea;false;ocean;0
1639;16;0;57;sea;false;ocean;0
1640;21;23;23;sea;false;ocean;0
1641;29;9;31;sea;false;ocean;0
1642;35;26;37;sea;false;ocean;0
1643;23;34;39;sea;true;ocean;0
1644;6;68;23;sea;false;ocean;0
1645;6;62;26;sea;false;ocean;0
1646;8;8;5;sea;false;ocean;0
1647;1;13;44;sea;false;ocean;0
1648;43;23;12;sea;false;ocean;0
1649;33;8;50;sea;false;ocean;0
1650;28;6;38;sea;true;ocean;0
1651;18;14;22;sea;false;ocean;0
1652;13;16;52;sea;true;ocean;0
1653;21;20;56;sea;false;ocean;0
1654;13;60;17;sea;false;ocean;0
1655;55;9;23;sea;false;ocean;0
1656;14;36;46;sea;false;ocean;0
1657;47;12;35;sea;false;ocean;0
1658;63;8;28;sea;false;ocean;0
1659;44;17;17;sea;false;ocean;0
1660;79;6;11;sea;true;ocean;0
1661;12;35;4;sea;false;ocean;0
1662;24;18;37;sea;false;ocean;0
1663;3;5;64;sea;false;ocean;0
1664;22;10;22;sea;false;ocean;0
1665;28;12;35;sea;false;ocean;0
1666;6;19;59;sea;false;ocean;0
1667;46;4;9;sea;false;ocean;0
1668;18;10;62;sea;false;ocean;0
1669;30;23;33;sea;false;ocean;0
1670;3;17;15;sea;false;ocean;0
1671;1;8;57;sea;false;ocean;0
1672;16;41;17;sea;true;ocean;0
1673;4;32;31;sea;false;ocean;0
1674;16;14;67;sea;false;ocean;0
1675;42;32;9;sea;false;ocean;0
1676;47;2;31;sea;false;ocean;0
1677;0;0;90;sea;false;ocean;0
1678;0;53;1;sea;true;ocean;0
1679;12;33;17;sea;false;ocean;0
1680;5;55;26;sea;false;ocean;0
1681;16;48;14;sea;true;ocean;0
1682;82;3;8;sea;false;ocean;0
1683;60;5;0;sea;false;ocean;0
1684;20;48;28;sea;false;ocean;0
1685;46;24;15;sea;false;ocean;0
1686;0;45;17;sea;true;ocean;0
1687;45;12;13;sea;false;ocean;0
1688;22;41;34;sea;false;ocean;0
1689;12;59;11;sea;false;ocean;0
1690;22;11;58;sea;false;ocean;0
1691;3;1;4;sea;false;ocean;0
1692;8;76;12;sea;false;ocean;0
1693;1;2;42;sea;false;ocean;0
1694;20;0;55;sea;true;ocean;0
1695;56;25;9;sea;false;ocean;0
1696;33;59;7;sea;false;ocean;0
1697;8;0;89;sea;false;ocean;0
1698;45;25;6;sea;false;ocean;0
1699;62;6;5;sea;false;ocean;0
1700;46;25;19;sea;true;ocean;0
1701;31;56;11;sea;false;ocean;0
1702;34;22;34;sea;false;ocean;0
1703;64;26;1;sea;false;ocean;0
1704;35;14;21;sea;false;ocean;0
1705;5;8;37;sea;false;ocean;0
1706;8;38;34;sea;true;ocean;0
1707;34;42;23;sea;false;ocean;0
1708;27;44;13;sea;false;ocean;0
1709;0;49;19;sea;false;ocean;0
1710;3;27;27;sea;false;ocean;0
1711;64;29;5;sea;true;ocean;0
1712;6;31;4;sea;false;ocean;0
1713;30;37;0;sea;true;ocean;0
1714;16;48;19;sea;false;ocean;0
1715;12;1;22;sea;false;ocean;0
1716;27;47;9;sea;false;ocean;0
1717;56;8;18;sea;false;ocean;0
1718;15;8;25;sea;true;ocean;0
1719;14;22;63;sea;false;ocean;0
1720;54;8;0;sea;false;ocean;0
1721;40;4;5;sea;true;ocean;0
1722;57;2;30;sea;false;ocean;0
1723;6;69;0;sea;true;ocean;0
1724;2;57;30;sea;false;ocean;0
1725;2;9;37;sea;false;ocean;0
1726;6;23;70;sea;false;ocean;0
1727;29;33;29;sea;true;ocean;0
1728;2;0;60;sea;false;ocean;0
1729;3;38;43;sea;true;ocean;0
1730;33;35;15;sea;false;ocean;0
1731;1;4;44;sea;true;ocean;0
1732;40;14;3;sea;false;ocean;0
1733;16;36;35;sea;false;ocean;0
1734;31;10;19;sea;false;ocean;0
1735;39;43;5;sea;false;ocean;0
1736;23;4;72;sea;false;ocean;0
1737;2;12;24;sea;false;ocean;0
1738;7;22;36;sea;false;ocean;0
1739;70;10;16;sea;false;ocean;0
1740;21;10;58;sea;false;ocean;0
1741;71;8;13;sea;false;ocean;0
1742;4;35;51;sea;false;ocean;0
1743;29;14;35;sea;false;ocean;0
1744;13;1;52;sea;false;ocean;0
1745;5;20;71;sea;false;ocean;0
1746;12;38;3;sea;false;ocean;0
1747;40;6;33;sea;false;ocean;0
1748;17;3;34;sea;false;ocean;0
1749;35;2;59;sea;false;ocean;0
1750;34;1;37;sea;false;ocean;0
1751;15;21;34;sea;false;ocean;0
1752;33;46;16;sea;true;ocean;0
1753;37;16;32;sea;false;ocean;0
1754;34;48;0;sea;false;ocean;0
1755;2;60;36;sea;false;ocean;0
1756;52;18;7;sea;false;ocean;0
1757;54;2;38;sea;false;ocean;0
1758;0;12;36;sea;false;ocean;0
1759;46;23;9;sea;false;ocean;0
1760;30;24;25;sea;false;ocean;0
1761;77;9;6;sea;false;ocean;0
1762;23;6;28;sea;false;ocean;0
1763;3;35;56;sea;false;ocean;0
1764;24;9;29;sea;false;ocean;0
1765;41;10;11;sea;false;ocean;0
1766;13;0;28;sea;false;ocean;0
1767;15;62;5;sea;true;ocean;0
1768;38;19;37;sea;false;ocean;0
1769;9;10;55;sea;false;ocean;0
1770;26;48;17;sea;true;ocean;0
1771;38;18;20;sea;false;ocean;0
1772;29;54;3;sea;false;ocean;0
1773;0;73;0;sea;false;ocean;0
1774;1;57;29;sea;false;ocean;0
1775;15;51;30;sea;true;ocean;0
1776;0;13;75;sea;false;ocean;0
1777;15;43;23;sea;false;ocean;0
1778;58;2;26;sea;false;ocean;0
1779;65;30;3;sea;false;ocean;0
1780;6;24;26;sea;false;ocean;0
1781;21;6;16;sea;false;ocean;0
1782;60;9;17;sea;true;ocean;0
1783;41;2;55;sea;false;ocean;0
1784;6;59;30;sea;true;ocean;0
1785;5;3;84;sea;true;ocean;0
1786;51;23;23;sea;false;ocean;0
1787;10;22;56;sea;true;ocean;0
1788;8;37;14;sea;true;ocean;0
1789;31;47;13;sea;false;ocean;0
1790;9;35;27;sea;false;ocean;0
1791;21;64;3;sea;true;ocean;0
1792;7;40;52;sea;true;ocean;0
1793;20;59;0;sea;false;ocean;0
1794;0;35;8;sea;true;ocean;0
1795;22;24;13;sea;true;ocean;0
1796;35;33;29;sea;false;ocean;0
1797;14;2;48;sea;false;ocean;0
1798;36;38;3;sea;false;ocean;0
1799;0;52;4;sea;false;ocean;0
1800;34;19;27;sea;false;ocean;0
1801;60;4;5;sea;false;ocean;0
1802;57;6;11;sea;false;ocean;0
1803;17;46;29;sea;true;ocean;0
1804;39;52;2;sea;false;ocean;0
1805;41;28;30;sea;false;ocean;0
1806;47;6;38;sea;false;ocean;0
1807;49;41;7;sea;false;ocean;0
1808;26;24;48;sea;false;ocean;0
1809;39;19;0;sea;false;ocean;0
1810;46;16;27;sea;true;ocean;0
1811;43;32;20;sea;false;ocean;0
1812;45;29;8;sea;false;ocean;0
1813;3;37;57;sea;false;ocean;0
1814;14;15;45;sea;false;ocean;0
1815;32;17;47;sea;false;ocean;0
1816;19;42;3;sea;false;ocean;0
1817;17;20;7;sea;true;ocean;0
1818;6;78;2;sea;false;ocean;0
1819;5;3;28;sea;false;ocean;0
1820;10;7;8;sea;false;ocean;0
1821;2;38;41;sea;true;ocean;0
1822;7;10;55;sea;false;ocean;0
1823;36;5;47;sea;false;ocean;0
1824;7;21;61;sea;false;ocean;0
1825;6;21;61;sea;false;ocean;0
1826;36;9;26;sea;false;ocean;0
1827;46;10;7;sea;true;ocean;0
1828;32;38;16;sea;false;ocean;0
1829;17;74;6;sea;true;ocean;0
1830;9;28;42;sea;false;ocean;0
1831;26;23;49;sea;false;ocean;0
1832;14;6;52;sea;false;ocean;0
1833;81;9;1;sea;false;ocean;0
1834;44;5;29;sea;false;ocean;0
1835;40;25;24;sea;false;ocean;0
1836;10;18;28;sea;false;ocean;0
1837;22;11;63;sea;false;ocean;0
1838;11;37;8;sea;false;ocean;0
1839;38;10;18;sea;false;ocean;0
